SKU,EAN,ImageURL
00100002,8717329000025,https://cdn.shopify.com/s/files/1/0674/1013/3190/files/00100002_1_20231002T.jpg?v=1752135587
00100003,8717329000032,https://cdn.shopify.com/s/files/1/0674/1013/3190/files/00100003_1_20231002T.jpg?v=1752135940
00100007,8717329000070,https://cdn.shopify.com/s/files/1/0674/1013/3190/files/00100007_1_20231002T.jpg?v=1752135692
00100020,8717329000209,https://cdn.shopify.com/s/files/1/0674/1013/3190/files/00100020_1_20231030T.jpg?v=1752136022
00100021,8717329000216,https://cdn.shopify.com/s/files/1/0674/1013/3190/files/00100021_1_20231030T.jpg?v=1752135413
00100121,8717329305229,https://cdn.shopify.com/s/files/1/0674/1013/3190/files/00100121_1_20231002T.jpg?v=1752135933
00100151,8717329323896,https://cdn.shopify.com/s/files/1/0674/1013/3190/files/00100151_1_20231002T.jpg?v=1752135436
002-001-00090,8717329361232,https://cdn.shopify.com/s/files/1/0674/1013/3190/files/002-001-00090_1_20231030T.jpg?v=1752132749
002-001-66041,8717329364066,https://cdn.shopify.com/s/files/1/0674/1013/3190/files/002-001-66041_1_20250211T.jpg?v=1752135681
002-001-67030,8717329373730,https://cdn.shopify.com/s/files/1/0674/1013/3190/files/002-001-67030_1_20231030T.jpg?v=1752133268
002-005-00093,8717329358942,https://cdn.shopify.com/s/files/1/0674/1013/3190/files/002-005-00093_1_20250211T.jpg?v=1752132605
002-005-66041,8717329364059,https://cdn.shopify.com/s/files/1/0674/1013/3190/files/002-005-66041_1_20250211T.jpg?v=1752135728
003-005-67024,8717329373600,https://cdn.shopify.com/s/files/1/0674/1013/3190/files/003-005-67024_1_20231030T.jpg?v=1752133490
003-005-67045,8717329376588,https://cdn.shopify.com/s/files/1/0674/1013/3190/files/003-005-67045_1_20231030T.jpg?v=1752134650
003-005-67056,8717329377134,https://cdn.shopify.com/s/files/1/0674/1013/3190/files/003-005-67056_1_20231030T.jpg?v=1752133996
003-005-67086,8717329387034,https://cdn.shopify.com/s/files/1/0674/1013/3190/files/003-005-67086_1_20240828T.jpg?v=1752137946
003-005-67090,8717329387072,https://cdn.shopify.com/s/files/1/0674/1013/3190/files/003-005-67090_1_20240828T.jpg?v=1752137637
003-005-67092,8717329378834,https://cdn.shopify.com/s/files/1/0674/1013/3190/files/003-005-67092_1_20231030T.jpg?v=1752133741
003-005-67101,8717329387058,https://cdn.shopify.com/s/files/1/0674/1013/3190/files/003-005-67101_1_20240828T.jpg?v=1752137209
003-005-67104,8717329387041,https://cdn.shopify.com/s/files/1/0674/1013/3190/files/003-005-67104_1_20240828T.jpg?v=1752138630
003-005-68015,8717329380721,https://cdn.shopify.com/s/files/1/0674/1013/3190/files/003-005-68015_1_20240126T.jpg?v=1752136874
003-005-68053,8717329387843,https://cdn.shopify.com/s/files/1/0674/1013/3190/files/003-005-68053_1_20240828T.jpg?v=1752137251
004-895-10001,8717329379169,https://cdn.shopify.com/s/files/1/0674/1013/3190/files/004-895-10001_1_20240305T.jpg?v=1752135760
004-895-67047,8717329377653,https://cdn.shopify.com/s/files/1/0674/1013/3190/files/004-895-67047_1_20231030T.jpg?v=1752134452
004-895-68015,8717329380639,https://cdn.shopify.com/s/files/1/0674/1013/3190/files/004-895-68015_1_20240126T.jpg?v=1752136545
004-895-68030,8717329386808,https://cdn.shopify.com/s/files/1/0674/1013/3190/files/004-895-68030_1_20240828T.jpg?v=1752137061
004-895-68038,8717329386839,https://cdn.shopify.com/s/files/1/0674/1013/3190/files/004-895-68038_1_20240828T.jpg?v=1752138376
008-511-00001,8717329355460,https://cdn.shopify.com/s/files/1/0674/1013/3190/files/008-511-00001_1_20231030T.jpg?v=1752135274
008-511-65359,8717329358669,https://cdn.shopify.com/s/files/1/0674/1013/3190/files/008-511-65359_1_20231030T.jpg?v=1752135042
008-511-66028,8717329363144,https://cdn.shopify.com/s/files/1/0674/1013/3190/files/008-511-66028_1_20231030T.jpg?v=1752132683
008-511-66041,8717329380707,https://cdn.shopify.com/s/files/1/0674/1013/3190/files/008-511-66041_1_20240126T.jpg?v=1752136624
008-511-66078,8717329369771,https://cdn.shopify.com/s/files/1/0674/1013/3190/files/008-511-66078_1_20231030T.jpg?v=1752133162
008-511-67024,8717329373587,https://cdn.shopify.com/s/files/1/0674/1013/3190/files/008-511-67024_1_20231030T.jpg?v=1752133382
008-511-67031,8717329373617,https://cdn.shopify.com/s/files/1/0674/1013/3190/files/008-511-67031_1_20231030T.jpg?v=1752133393
008-511-67043,8717329376700,https://cdn.shopify.com/s/files/1/0674/1013/3190/files/008-511-67043_1_20231030T.jpg?v=1752134323
008-511-67057,8717329376649,https://cdn.shopify.com/s/files/1/0674/1013/3190/files/008-511-67057_1_20231030T.jpg?v=1752134358
008-511-67086,8717329387867,https://cdn.shopify.com/s/files/1/0674/1013/3190/files/008-511-67086_1_20240828T.jpg?v=1752137878
008-511-67095,8717329378988,https://cdn.shopify.com/s/files/1/0674/1013/3190/files/008-511-67095_1_20231030T.jpg?v=1752133672
008-511-67101,8717329387102,https://cdn.shopify.com/s/files/1/0674/1013/3190/files/008-511-67101_1_20240828T.jpg?v=1752137484
008-511-67103,8717329387089,https://cdn.shopify.com/s/files/1/0674/1013/3190/files/008-511-67103_1_20240828T.jpg?v=1752137298
008-511-67104,8717329387096,https://cdn.shopify.com/s/files/1/0674/1013/3190/files/008-511-67104_1_20240828T.jpg?v=1752137229
008-511-68016,8717329380646,https://cdn.shopify.com/s/files/1/0674/1013/3190/files/008-511-68016_1_20240126T.jpg?v=1752136450
008-511-68018,8717329380660,https://cdn.shopify.com/s/files/1/0674/1013/3190/files/008-511-68018_1_20240126T.jpg?v=1752136696
008-511-68075,8717329393844,https://cdn.shopify.com/s/files/1/0674/1013/3190/files/008-511-68075_1_20250108T.jpg?v=1752138934
008-511-68076,8717329393868,https://cdn.shopify.com/s/files/1/0674/1013/3190/files/008-511-68076_1_20250108T.jpg?v=1752139334
008-524-66032,8717329363311,https://cdn.shopify.com/s/files/1/0674/1013/3190/files/008-524-66032_1_20231030T.jpg?v=1752132776
008-524-66099,8717329369764,https://cdn.shopify.com/s/files/1/0674/1013/3190/files/008-524-66099_1_20231030T.jpg?v=1752133114
008-524-67045,8717329376656,https://cdn.shopify.com/s/files/1/0674/1013/3190/files/008-524-67045_1_20231030T.jpg?v=1752134901
009-001-00001,8717329371293,https://cdn.shopify.com/s/files/1/0674/1013/3190/files/009-001-00001_1_20231030T.jpg?v=1752134728
009-002-98765,8717329381476,https://cdn.shopify.com/s/files/1/0674/1013/3190/files/009-002-98765_1_20240126T.jpg?v=1752136583
009-005-00001,8717329371316,https://cdn.shopify.com/s/files/1/0674/1013/3190/files/009-005-00001_1_20231030T.jpg?v=1752135308
009-005-98765,8717329377905,https://cdn.shopify.com/s/files/1/0674/1013/3190/files/009-005-98765_1_20231030T.jpg?v=1752134868
010-871-66060,8717329370371,https://cdn.shopify.com/s/files/1/0674/1013/3190/files/010-871-66060_1_20231030T.jpg?v=1752135111
010-873-00093,8717329364455,https://cdn.shopify.com/s/files/1/0674/1013/3190/files/010-873-00093_1_20231030T.jpg?v=1752136051
010-873-68015,8717329381148,https://cdn.shopify.com/s/files/1/0674/1013/3190/files/010-873-68015_1_20240126T.jpg?v=1752136123
010-874-68052,8717329387799,https://cdn.shopify.com/s/files/1/0674/1013/3190/files/010-874-68052_1_20240828T.jpg?v=1752138285
015-410-66095,8717329376137,https://cdn.shopify.com/s/files/1/0674/1013/3190/files/015-410-66095_1_20231030T.jpg?v=1752134267
015-410-67019,8717329376113,https://cdn.shopify.com/s/files/1/0674/1013/3190/files/015-410-67019_1_20231030T.jpg?v=1752134849
015-410-67086,8717329384446,https://cdn.shopify.com/s/files/1/0674/1013/3190/files/015-410-67086_1_20240828T.jpg?v=1752138326
016-410-67106,8717329384606,https://cdn.shopify.com/s/files/1/0674/1013/3190/files/016-410-67106_1_20240828T.jpg?v=1752137129
016-410-67110,8717329384675,https://cdn.shopify.com/s/files/1/0674/1013/3190/files/016-410-67110_1_20240829T.jpg?v=1752137763
016-541-66095,8717329370883,https://cdn.shopify.com/s/files/1/0674/1013/3190/files/016-541-66095_1_20231030T.jpg?v=1752132934
016-541-67024,8717329375857,https://cdn.shopify.com/s/files/1/0674/1013/3190/files/016-541-67024_1_20231030T.jpg?v=1752134092
016-541-67037,8717329375765,https://cdn.shopify.com/s/files/1/0674/1013/3190/files/016-541-67037_1_20231030T.jpg?v=1752133126
016-541-67041,8717329375918,https://cdn.shopify.com/s/files/1/0674/1013/3190/files/016-541-67041_1_20231030T.jpg?v=1752134400
016-541-67043,8717329375970,https://cdn.shopify.com/s/files/1/0674/1013/3190/files/016-541-67043_1_20231030T.jpg?v=1752134116
016-541-67045,8717329376038,https://cdn.shopify.com/s/files/1/0674/1013/3190/files/016-541-67045_1_20231030T.jpg?v=1752134102
016-541-67086,8717329384279,https://cdn.shopify.com/s/files/1/0674/1013/3190/files/016-541-67086_1_20240829T.jpg?v=1752137010
016-541-67090,8717329384309,https://cdn.shopify.com/s/files/1/0674/1013/3190/files/016-541-67090_1_20240829T.jpg?v=1752137727
016-541-67096,8717329379091,https://cdn.shopify.com/s/files/1/0674/1013/3190/files/016-541-67096_1_20231030T.jpg?v=1752133538
016-541-67100,8717329384330,https://cdn.shopify.com/s/files/1/0674/1013/3190/files/016-541-67100_1_20240829T.jpg?v=1752137600
016-541-67101,8717329384361,https://cdn.shopify.com/s/files/1/0674/1013/3190/files/016-541-67101_1_20240829T.jpg?v=1752137615
016-541-67103,8717329384460,https://cdn.shopify.com/s/files/1/0674/1013/3190/files/016-541-67103_1_20240829T.jpg?v=1752137047
016-541-67104,8717329384491,https://cdn.shopify.com/s/files/1/0674/1013/3190/files/016-541-67104_1_20240829T.jpg?v=1752137173
016-541-67108,8717329384620,https://cdn.shopify.com/s/files/1/0674/1013/3190/files/016-541-67108_1_20240829T.jpg?v=1752137742
016-542-66098,8717329371002,https://cdn.shopify.com/s/files/1/0674/1013/3190/files/016-542-66098_1_20231030T.jpg?v=1752132926
017-512-65360,8717329379985,https://cdn.shopify.com/s/files/1/0674/1013/3190/files/017-512-65360_1_20231002T.jpg?v=1752133465
017-512-66060,8717329370357,https://cdn.shopify.com/s/files/1/0674/1013/3190/files/017-512-66060_1_20231030T.jpg?v=1752134876
017-512-66095,8717329370036,https://cdn.shopify.com/s/files/1/0674/1013/3190/files/017-512-66095_1_20231030T.jpg?v=1752135104
017-512-67047,8717329377745,https://cdn.shopify.com/s/files/1/0674/1013/3190/files/017-512-67047_1_20231030T.jpg?v=1752134530
017-512-67052,8717329377400,https://cdn.shopify.com/s/files/1/0674/1013/3190/files/017-512-67052_1_20231030T.jpg?v=1752133788
017-512-67056,8717329377295,https://cdn.shopify.com/s/files/1/0674/1013/3190/files/017-512-67056_1_20231030T.jpg?v=1752134606
017-512-68015,8717329380622,https://cdn.shopify.com/s/files/1/0674/1013/3190/files/017-512-68015_1_20240126T.jpg?v=1752136665
017-512-68030,8717329386754,https://cdn.shopify.com/s/files/1/0674/1013/3190/files/017-512-68030_1_20240829T.jpg?v=1752138295
017-512-68038,8717329386785,https://cdn.shopify.com/s/files/1/0674/1013/3190/files/017-512-68038_1_20240829T.jpg?v=1752137955
017-512-68050,8717329387645,https://cdn.shopify.com/s/files/1/0674/1013/3190/files/017-512-68050_1_20240829T.jpg?v=1752137038
018-512-65346,8717329358874,https://cdn.shopify.com/s/files/1/0674/1013/3190/files/018-512-65346_1_20231030T.jpg?v=1752132532
018-512-66073,8717329368132,https://cdn.shopify.com/s/files/1/0674/1013/3190/files/018-512-66073_1_20231030T.jpg?v=1752133089
019-531-00093,8717329363441,https://cdn.shopify.com/s/files/1/0674/1013/3190/files/019-531-00093_1_20231030T.jpg?v=1752135809
019-531-67103,8717329387560,https://cdn.shopify.com/s/files/1/0674/1013/3190/files/019-531-67103_1_20240829T.jpg?v=1752138583
019-531-68049,8717329387577,https://cdn.shopify.com/s/files/1/0674/1013/3190/files/019-531-68049_1_20240829T.jpg?v=1752138681
019-533-00093,8717329363465,https://cdn.shopify.com/s/files/1/0674/1013/3190/files/019-533-00093_1_20231030T.jpg?v=1752134928
019-533-67103,8717329387584,https://cdn.shopify.com/s/files/1/0674/1013/3190/files/019-533-67103_1_20240829T.jpg?v=1752137810
019-533-68049,8717329387591,https://cdn.shopify.com/s/files/1/0674/1013/3190/files/019-533-68049_1_20240829T.jpg?v=1752137841
022-503-65202,8717329345096,https://cdn.shopify.com/s/files/1/0674/1013/3190/files/022-503-65202_1_20231030T.jpg?v=1752132515
022-503-66036,8717329363045,https://cdn.shopify.com/s/files/1/0674/1013/3190/files/022-503-66036_1_20231030T.jpg?v=1752132664
022-503-66095,8717329369405,https://cdn.shopify.com/s/files/1/0674/1013/3190/files/022-503-66095_1_20231030T.jpg?v=1752135525
022-503-67028,8717329373716,https://cdn.shopify.com/s/files/1/0674/1013/3190/files/022-503-67028_1_20231030T.jpg?v=1752133178
022-503-67041,8717329376243,https://cdn.shopify.com/s/files/1/0674/1013/3190/files/022-503-67041_1_20231030T.jpg?v=1752134761
022-503-67044,8717329376229,https://cdn.shopify.com/s/files/1/0674/1013/3190/files/022-503-67044_1_20231030T.jpg?v=1752134522
022-503-67045,8717329376205,https://cdn.shopify.com/s/files/1/0674/1013/3190/files/022-503-67045_1_20231030T.jpg?v=1752134419
022-503-67047,8717329377776,https://cdn.shopify.com/s/files/1/0674/1013/3190/files/022-503-67047_1_20231030T.jpg?v=1752134030
022-503-67090,8717329388246,https://cdn.shopify.com/s/files/1/0674/1013/3190/files/022-503-67090_1_20240829T.jpg?v=1752138652
022-503-67093,8717329378926,https://cdn.shopify.com/s/files/1/0674/1013/3190/files/022-503-67093_1_20231030T.jpg?v=1752133716
022-503-67101,8717329388260,https://cdn.shopify.com/s/files/1/0674/1013/3190/files/022-503-67101_1_20240829T.jpg?v=1752138356
022-503-67103,8717329388239,https://cdn.shopify.com/s/files/1/0674/1013/3190/files/022-503-67103_1_20240829T.jpg?v=1752138267
022-503-67104,8717329389038,https://cdn.shopify.com/s/files/1/0674/1013/3190/files/022-503-67104_1_20240829T.jpg?v=1752138338
022-503-68043,8717329387201,https://cdn.shopify.com/s/files/1/0674/1013/3190/files/022-503-68043_1_20240829T.jpg?v=1752134784
022-503-68075,8717329393318,https://cdn.shopify.com/s/files/1/0674/1013/3190/files/022-503-68075_1_20250108T.jpg?v=1752139416
022-503-68076,8717329393301,https://cdn.shopify.com/s/files/1/0674/1013/3190/files/022-503-68076_1_20250108T.jpg?v=1752138852
022-546-67011,8717329370746,https://cdn.shopify.com/s/files/1/0674/1013/3190/files/022-546-67011_1_20231030T.jpg?v=1752132917
025-800-00023,8717329370449,https://cdn.shopify.com/s/files/1/0674/1013/3190/files/025-800-00023_1_20231030T.jpg?v=1752134295
025-811-00103,8717329388574,https://cdn.shopify.com/s/files/1/0674/1013/3190/files/025-811-00103_1_20240829T.jpg?v=1752137800
025-811-65220,8717329355422,https://cdn.shopify.com/s/files/1/0674/1013/3190/files/025-811-65220_1_20231030T.jpg?v=1752134623
025-811-66060,8717329370395,https://cdn.shopify.com/s/files/1/0674/1013/3190/files/025-811-66060_1_20231030T.jpg?v=1752135144
025-811-67047,8717329377714,https://cdn.shopify.com/s/files/1/0674/1013/3190/files/025-811-67047_1_20231030T.jpg?v=1752134716
025-811-68038,8717329386860,https://cdn.shopify.com/s/files/1/0674/1013/3190/files/025-811-68038_1_20240829T.jpg?v=1752137565
025-811-68042,8717329386945,https://cdn.shopify.com/s/files/1/0674/1013/3190/files/025-811-68042_1_20240829T.jpg?v=1752138394
025-811-68050,8717329387638,https://cdn.shopify.com/s/files/1/0674/1013/3190/files/025-811-68050_1_20240829T.jpg?v=1752138612
025-811-68051,8717329387690,https://cdn.shopify.com/s/files/1/0674/1013/3190/files/025-811-68051_1_20240829T.jpg?v=1752138659
026-002-00093,8717329393547,https://cdn.shopify.com/s/files/1/0674/1013/3190/files/026-002-00093_1_20250108T.jpg?v=1752139396
027-818-00103,8717329373631,https://cdn.shopify.com/s/files/1/0674/1013/3190/files/027-818-00103_1_20230817T.jpg?v=1752133370
027-818-66060,8717329369832,https://cdn.shopify.com/s/files/1/0674/1013/3190/files/027-818-66060_1_20231030T.jpg?v=1752132963
027-818-68024,8717329381247,https://cdn.shopify.com/s/files/1/0674/1013/3190/files/027-818-68024_1_20240126T.jpg?v=1752136360
027-819-68050,8717329387676,https://cdn.shopify.com/s/files/1/0674/1013/3190/files/027-819-68050_1_20240829T.jpg?v=1752138574
027-819-68051,8717329387737,https://cdn.shopify.com/s/files/1/0674/1013/3190/files/027-819-68051_1_20240829T.jpg?v=1752137903
027-819-68055,8717329387744,https://cdn.shopify.com/s/files/1/0674/1013/3190/files/027-819-68055_1_20240829T.jpg?v=1752137380
027-821-68021,8717329380868,https://cdn.shopify.com/s/files/1/0674/1013/3190/files/027-821-68021_1_20240126T.jpg?v=1752136674
028-543-00091,8717329358164,https://cdn.shopify.com/s/files/1/0674/1013/3190/files/028-543-00091_1_20231030T.jpg?v=1752135053
028-543-68021,8717329381292,https://cdn.shopify.com/s/files/1/0674/1013/3190/files/028-543-68021_1_20240126T.jpg?v=1752136718
028-543-68045,8717329387478,https://cdn.shopify.com/s/files/1/0674/1013/3190/files/028-543-68045_1_20240829T.jpg?v=1752137517
029-007-00090,8717329358973,https://cdn.shopify.com/s/files/1/0674/1013/3190/files/029-007-00090_1_20231030T.jpg?v=1752135027
029-007-67104,8717329393707,https://cdn.shopify.com/s/files/1/0674/1013/3190/files/029-007-67104_1_20250108T.jpg?v=1752139505
029-007-68075,8717329393691,https://cdn.shopify.com/s/files/1/0674/1013/3190/files/029-007-68075_1_20250108T.jpg?v=1752139434
029-410-67101,8717329384682,https://cdn.shopify.com/s/files/1/0674/1013/3190/files/029-410-67101_1_20240829T.jpg?v=1752136941
029-541-67112,8717329384736,https://cdn.shopify.com/s/files/1/0674/1013/3190/files/029-541-67112_1_20240829T.jpg?v=1752137817
029-566-00092,8717329364738,https://cdn.shopify.com/s/files/1/0674/1013/3190/files/029-566-00092_1_20231030T.jpg?v=1752135704
029-566-00098,8717329364790,https://cdn.shopify.com/s/files/1/0674/1013/3190/files/029-566-00098_1_20231030T.jpg?v=1752135977
029-566-67045,8717329379190,https://cdn.shopify.com/s/files/1/0674/1013/3190/files/029-566-67045_1_20240126T.jpg?v=1752136572
029-566-67100,8717329387522,https://cdn.shopify.com/s/files/1/0674/1013/3190/files/029-566-67100_1_20240829T.jpg?v=1752137910
029-566-68001,8717329380554,https://cdn.shopify.com/s/files/1/0674/1013/3190/files/029-566-68001_1_20240126T.jpg?v=1752136648
029-566-68010,8717329382893,https://cdn.shopify.com/s/files/1/0674/1013/3190/files/029-566-68010_1_20240126T.jpg?v=1752136482
029-566-68011,8717329380547,https://cdn.shopify.com/s/files/1/0674/1013/3190/files/029-566-68011_1_20240126T.jpg?v=1752136865
029-566-68047,8717329387539,https://cdn.shopify.com/s/files/1/0674/1013/3190/files/029-566-68047_1_20240829T.jpg?v=1752137995
029-566-68075,8717329393134,https://cdn.shopify.com/s/files/1/0674/1013/3190/files/029-566-68075_1_20250108T.jpg?v=1752139450
029-566-68076,8717329393127,https://cdn.shopify.com/s/files/1/0674/1013/3190/files/029-566-68076_1_20250108T.jpg?v=1752139584
029-864-65345,8717329357143,https://cdn.shopify.com/s/files/1/0674/1013/3190/files/029-864-65345_1_20231030T.jpg?v=1752132551
029-864-66027,8717329363489,https://cdn.shopify.com/s/files/1/0674/1013/3190/files/029-864-66027_1_20231030T.jpg?v=1752132792
029-864-66030,8717329363519,https://cdn.shopify.com/s/files/1/0674/1013/3190/files/029-864-66030_1_20231030T.jpg?v=1752132674
029-864-66095,8717329369474,https://cdn.shopify.com/s/files/1/0674/1013/3190/files/029-864-66095_1_20231030T.jpg?v=1752135518
029-864-67024,8717329377103,https://cdn.shopify.com/s/files/1/0674/1013/3190/files/029-864-67024_1_20231030T.jpg?v=1752134597
029-864-67043,8717329377059,https://cdn.shopify.com/s/files/1/0674/1013/3190/files/029-864-67043_1_20231030T.jpg?v=1752134559
029-864-67056,8717329377080,https://cdn.shopify.com/s/files/1/0674/1013/3190/files/029-864-67056_1_20231030T.jpg?v=1752134747
029-864-67090,8717329386952,https://cdn.shopify.com/s/files/1/0674/1013/3190/files/029-864-67090_1_20240829T.jpg?v=1752137316
029-864-67091,8717329378865,https://cdn.shopify.com/s/files/1/0674/1013/3190/files/029-864-67091_1_20231030T.jpg?v=1752133681
029-864-67099,8717329388987,https://cdn.shopify.com/s/files/1/0674/1013/3190/files/029-864-67099_1_20240829T.jpg?v=1752137073
029-864-67104,8717329386969,https://cdn.shopify.com/s/files/1/0674/1013/3190/files/029-864-67104_1_20240829T.jpg?v=1752138543
029-867-00093,8717329376762,https://cdn.shopify.com/s/files/1/0674/1013/3190/files/029-867-00093_1_20231030T.jpg?v=1752134054
029-867-66095,8717329370098,https://cdn.shopify.com/s/files/1/0674/1013/3190/files/029-867-66095_1_20231030T.jpg?v=1752135843
029-867-67045,8717329377011,https://cdn.shopify.com/s/files/1/0674/1013/3190/files/029-867-67045_1_20231030T.jpg?v=1752134428
029-867-67052,8717329377424,https://cdn.shopify.com/s/files/1/0674/1013/3190/files/029-867-67052_1_20231030T.jpg?v=1752134860
029-867-68015,8717329381155,https://cdn.shopify.com/s/files/1/0674/1013/3190/files/029-867-68015_1_20240126T.jpg?v=1752136411
029-867-68078,8717329393066,https://cdn.shopify.com/s/files/1/0674/1013/3190/files/029-867-68078_1_20250108T.jpg?v=1752139320
029-869-66095,8717329369467,https://cdn.shopify.com/s/files/1/0674/1013/3190/files/029-869-66095_1_20231030T.jpg?v=1752135286
029-869-67090,8717329386983,https://cdn.shopify.com/s/files/1/0674/1013/3190/files/029-869-67090_1_20240829T.jpg?v=1752137099
029-869-67091,8717329378841,https://cdn.shopify.com/s/files/1/0674/1013/3190/files/029-869-67091_1_20231030T.jpg?v=1752133660
029-869-67104,8717329387010,https://cdn.shopify.com/s/files/1/0674/1013/3190/files/029-869-67104_1_20240829T.jpg?v=1752138444
029-869-68043,8717329387003,https://cdn.shopify.com/s/files/1/0674/1013/3190/files/029-869-68043_1_20241007T.jpg?v=1752137467
031-562-00093,8717329365452,https://cdn.shopify.com/s/files/1/0674/1013/3190/files/031-562-00093_1_20231030T.jpg?v=1752135604
031-562-67056,8717329377073,https://cdn.shopify.com/s/files/1/0674/1013/3190/files/031-562-67056_1_20231030T.jpg?v=1752134670
031-562-68062,8717329388802,https://cdn.shopify.com/s/files/1/0674/1013/3190/files/031-562-68062_1_20240829T.jpg?v=1752135380
031-562-68087,8717329393981,https://cdn.shopify.com/s/files/1/0674/1013/3190/files/031-562-68087_1_20250108T.jpg?v=1752139106
031-594-65226,8717329345751,https://cdn.shopify.com/s/files/1/0674/1013/3190/files/031-594-65226_1_20231030T.jpg?v=1752135960
031-594-66046,8717329364653,https://cdn.shopify.com/s/files/1/0674/1013/3190/files/031-594-66046_1_20231030T.jpg?v=1752135923
031-594-66050,8717329364578,https://cdn.shopify.com/s/files/1/0674/1013/3190/files/031-594-66050_1_20231030T.jpg?v=1752135243
031-594-67076,8717329377998,https://cdn.shopify.com/s/files/1/0674/1013/3190/files/031-594-67076_1_20231030T.jpg?v=1752134658
031-594-67086,8717329388505,https://cdn.shopify.com/s/files/1/0674/1013/3190/files/031-594-67086_1_20240829T.jpg?v=1752136980
031-594-68015,8717329381179,https://cdn.shopify.com/s/files/1/0674/1013/3190/files/031-594-68015_1_20240126T.jpg?v=1752136602
031-594-68025,8717329381384,https://cdn.shopify.com/s/files/1/0674/1013/3190/files/031-594-68025_1_20240126T.jpg?v=1752136340
032-566-66019,8717329361201,https://cdn.shopify.com/s/files/1/0674/1013/3190/files/032-566-66019_1_20231030T.jpg?v=1752136004
032-566-66034,8717329364707,https://cdn.shopify.com/s/files/1/0674/1013/3190/files/032-566-66034_1_20231030T.jpg?v=1752132654
032-566-66095,8717329370081,https://cdn.shopify.com/s/files/1/0674/1013/3190/files/032-566-66095_1_20231030T.jpg?v=1752134581
032-566-67091,8717329378803,https://cdn.shopify.com/s/files/1/0674/1013/3190/files/032-566-67091_1_20231030T.jpg?v=1752133651
032-566-68050,8717329387669,https://cdn.shopify.com/s/files/1/0674/1013/3190/files/032-566-68050_1_20240829T.jpg?v=1752137688
033-003-00093,8717329358263,https://cdn.shopify.com/s/files/1/0674/1013/3190/files/033-003-00093_1_20231030T.jpg?v=1752135509
037-001-65226,8717329339712,https://cdn.shopify.com/s/files/1/0674/1013/3190/files/037-001-65226_1_20231030T.jpg?v=1752135968
037-001-65365,8717329359758,https://cdn.shopify.com/s/files/1/0674/1013/3190/files/037-001-65365_1_20231030T.jpg?v=1752135742
037-001-66045,8717329363922,https://cdn.shopify.com/s/files/1/0674/1013/3190/files/037-001-66045_1_20231030T.jpg?v=1752132737
037-001-67005,8717329370258,https://cdn.shopify.com/s/files/1/0674/1013/3190/files/037-001-67005_1_20231030T.jpg?v=1752135899
037-001-67009,8717329370487,https://cdn.shopify.com/s/files/1/0674/1013/3190/files/037-001-67009_1_20231030T.jpg?v=1752133107
037-001-67072,8717329377929,https://cdn.shopify.com/s/files/1/0674/1013/3190/files/037-001-67072_1_20231030T.jpg?v=1752134283
037-001-67074,8717329377943,https://cdn.shopify.com/s/files/1/0674/1013/3190/files/037-001-67074_1_20231030T.jpg?v=1752134020
037-001-67100,8717329388857,https://cdn.shopify.com/s/files/1/0674/1013/3190/files/037-001-67100_1_20240829T.jpg?v=1752138696
037-001-68066,8717329388826,https://cdn.shopify.com/s/files/1/0674/1013/3190/files/037-001-68066_1_20240829T.jpg?v=1752137239
037-001-68070,8717329388925,https://cdn.shopify.com/s/files/1/0674/1013/3190/files/037-001-68070_1_20240611T.jpg?v=1752137360
037-001-68086,8717329388475,https://cdn.shopify.com/s/files/1/0674/1013/3190/files/037-001-68086_1_20240611T.jpg?v=1752137718
039-001-65370,8717329359932,https://cdn.shopify.com/s/files/1/0674/1013/3190/files/039-001-65370_1_20231030T.jpg?v=1752135072
039-001-67004,8717329370197,https://cdn.shopify.com/s/files/1/0674/1013/3190/files/039-001-67004_1_20231030T.jpg?v=1752133081
039-001-67005,8717329370234,https://cdn.shopify.com/s/files/1/0674/1013/3190/files/039-001-67005_1_20231030T.jpg?v=1752132987
039-001-67076,8717329378025,https://cdn.shopify.com/s/files/1/0674/1013/3190/files/039-001-67076_1_20231030T.jpg?v=1752134837
039-001-67086,8717329388499,https://cdn.shopify.com/s/files/1/0674/1013/3190/files/039-001-67086_1_20240611T.jpg?v=1752137965
039-001-67104,8717329394865,https://cdn.shopify.com/s/files/1/0674/1013/3190/files/039-001-67104_1_20250108T.jpg?v=1752139174
039-001-68075,8717329394018,https://cdn.shopify.com/s/files/1/0674/1013/3190/files/039-001-68075_1_20250108T.jpg?v=1752139567
039-001-68095,8717329394025,https://cdn.shopify.com/s/files/1/0674/1013/3190/files/039-001-68095_1_20250108T.jpg?v=1752139196
039-001-68099,8717329394872,https://cdn.shopify.com/s/files/1/0674/1013/3190/files/039-001-68099_1_20250108T.jpg?v=1752139257
041-001-65322,8717329354531,https://cdn.shopify.com/s/files/1/0674/1013/3190/files/041-001-65322_1_20231030T.jpg?v=1752135662
043-001-65226,8717329345737,https://cdn.shopify.com/s/files/1/0674/1013/3190/files/043-001-65226_1_20231030T.jpg?v=1752135475
043-001-65348,8717329370180,https://cdn.shopify.com/s/files/1/0674/1013/3190/files/043-001-65348_1_20231030T.jpg?v=1752133057
043-001-66046,8717329363939,https://cdn.shopify.com/s/files/1/0674/1013/3190/files/043-001-66046_1_20231030T.jpg?v=1752136032
043-001-67005,8717329370241,https://cdn.shopify.com/s/files/1/0674/1013/3190/files/043-001-67005_1_20231030T.jpg?v=1752135226
043-001-67009,8717329370494,https://cdn.shopify.com/s/files/1/0674/1013/3190/files/043-001-67009_1_20231030T.jpg?v=1752133067
043-001-67076,8717329378070,https://cdn.shopify.com/s/files/1/0674/1013/3190/files/043-001-67076_1_20231030T.jpg?v=1752133805
043-001-68026,8717329381377,https://cdn.shopify.com/s/files/1/0674/1013/3190/files/043-001-68026_1_20240126T.jpg?v=1752136823
043-001-68075,8717329394094,https://cdn.shopify.com/s/files/1/0674/1013/3190/files/043-001-68075_1_20250108T.jpg?v=1752139292
043-001-68087,8717329394070,https://cdn.shopify.com/s/files/1/0674/1013/3190/files/043-001-68087_1_20250108T.jpg?v=1752138807
043-001-68094,8717329394087,https://cdn.shopify.com/s/files/1/0674/1013/3190/files/043-001-68094_1_20250108T.jpg?v=1752139312
044-559-67090,8717329388529,https://cdn.shopify.com/s/files/1/0674/1013/3190/files/044-559-67090_1_20240611T.jpg?v=1752138144
044-559-67104,8717329388512,https://cdn.shopify.com/s/files/1/0674/1013/3190/files/044-559-67104_1_20240611T.jpg?v=1752138044
047-547-67020,8717329392816,https://cdn.shopify.com/s/files/1/0674/1013/3190/files/047-547-67020_1_20250108T.jpg?v=1752139346
047-547-67086,8717329384439,https://cdn.shopify.com/s/files/1/0674/1013/3190/files/047-547-67086_1_20240611T.jpg?v=1752136915
047-596-67086,8717329392830,https://cdn.shopify.com/s/files/1/0674/1013/3190/files/047-596-67086_1_20250108T.jpg?v=1752139040
047-596-68076,8717329392823,https://cdn.shopify.com/s/files/1/0674/1013/3190/files/047-596-68076_1_20250108T.jpg?v=1752139354
048-510-00103,8717329392748,https://cdn.shopify.com/s/files/1/0674/1013/3190/files/048-510-00103_1_20250108T.jpg?v=1752136067
048-510-66095,8717329374584,https://cdn.shopify.com/s/files/1/0674/1013/3190/files/048-510-66095_1_20231030T.jpg?v=1752133211
048-510-67025,8717329371743,https://cdn.shopify.com/s/files/1/0674/1013/3190/files/048-510-67025_1_20231030T.jpg?v=1752133449
048-510-67026,8717329371774,https://cdn.shopify.com/s/files/1/0674/1013/3190/files/048-510-67026_1_20231030T.jpg?v=1752133188
048-510-67043,8717329380127,https://cdn.shopify.com/s/files/1/0674/1013/3190/files/048-510-67043_1_20240126T.jpg?v=1752136180
048-510-67045,8717329380332,https://cdn.shopify.com/s/files/1/0674/1013/3190/files/048-510-67045_1_20240126T.jpg?v=1752136683
048-510-67090,8717329392625,https://cdn.shopify.com/s/files/1/0674/1013/3190/files/048-510-67090_1_20250108T.jpg?v=1752138739
048-510-67097,8717329380509,https://cdn.shopify.com/s/files/1/0674/1013/3190/files/048-510-67097_1_20240126T.jpg?v=1752136523
048-510-67100,8717329392670,https://cdn.shopify.com/s/files/1/0674/1013/3190/files/048-510-67100_1_20250108T.jpg?v=1752138882
048-510-67103,8717329392663,https://cdn.shopify.com/s/files/1/0674/1013/3190/files/048-510-67103_1_20250108T.jpg?v=1752139052
048-510-67104,8717329392571,https://cdn.shopify.com/s/files/1/0674/1013/3190/files/048-510-67104_1_20250108T.jpg?v=1752138753
048-510-67108,8717329393028,https://cdn.shopify.com/s/files/1/0674/1013/3190/files/048-510-67108_1_20250108T.jpg?v=1752139152
048-510-68001,8717329380158,https://cdn.shopify.com/s/files/1/0674/1013/3190/files/048-510-68001_1_20240126T.jpg?v=1752136385
048-510-68002,8717329380189,https://cdn.shopify.com/s/files/1/0674/1013/3190/files/048-510-68002_1_20240126T.jpg?v=1752136467
048-510-68004,8717329380240,https://cdn.shopify.com/s/files/1/0674/1013/3190/files/048-510-68004_1_20240126T.jpg?v=1752136637
048-510-68006,8717329380301,https://cdn.shopify.com/s/files/1/0674/1013/3190/files/048-510-68006_1_20240126T.jpg?v=1752136372
048-510-68007,8717329380417,https://cdn.shopify.com/s/files/1/0674/1013/3190/files/048-510-68007_1_20240126T.jpg?v=1752136492
048-510-68047,8717329392960,https://cdn.shopify.com/s/files/1/0674/1013/3190/files/048-510-68047_1_20250108T.jpg?v=1752138897
048-510-68075,8717329393424,https://cdn.shopify.com/s/files/1/0674/1013/3190/files/048-510-68075_1_20250108T.jpg?v=1752139182
048-510-68076,8717329392700,https://cdn.shopify.com/s/files/1/0674/1013/3190/files/048-510-68076_1_20250108T.jpg?v=1752138991
048-529-67022,8717329371675,https://cdn.shopify.com/s/files/1/0674/1013/3190/files/048-529-67022_1_20231030T.jpg?v=1752133236
053-577-00021,8717329381230,https://cdn.shopify.com/s/files/1/0674/1013/3190/files/053-577-00021_1_20240126T.jpg?v=1752136510
053-577-66060,8717329365711,https://cdn.shopify.com/s/files/1/0674/1013/3190/files/053-577-66060_1_20231030T.jpg?v=1752135155
053-577-67087,8717329381124,https://cdn.shopify.com/s/files/1/0674/1013/3190/files/053-577-67087_1_20240126T.jpg?v=1752136439
053-577-68048,8717329387508,https://cdn.shopify.com/s/files/1/0674/1013/3190/files/053-577-68048_1_20240611T.jpg?v=1752138128
054-014-65322,8717329354586,https://cdn.shopify.com/s/files/1/0674/1013/3190/files/054-014-65322_1_20231030T.jpg?v=1752135263
055-001-68029,8717329381438,https://cdn.shopify.com/s/files/1/0674/1013/3190/files/055-001-68029_1_20240126T.jpg?v=1752136752
057-591-00103,8717329381278,https://cdn.shopify.com/s/files/1/0674/1013/3190/files/057-591-00103_1_20240126T.jpg?v=1752136736
057-591-66060,8717329365704,https://cdn.shopify.com/s/files/1/0674/1013/3190/files/057-591-66060_1_20231030T.jpg?v=1752135888
057-591-68050,8717329387683,https://cdn.shopify.com/s/files/1/0674/1013/3190/files/057-591-68050_1_20240611T.jpg?v=1752138714
057-591-68051,8717329387706,https://cdn.shopify.com/s/files/1/0674/1013/3190/files/057-591-68051_1_20240611T.jpg?v=1752138404
057-591-68069,8717329388918,https://cdn.shopify.com/s/files/1/0674/1013/3190/files/057-591-68069_1_20240611T.jpg?v=1752138157
059-595-67056,8717329377165,https://cdn.shopify.com/s/files/1/0674/1013/3190/files/059-595-67056_1_20231030T.jpg?v=1752134168
059-595-67100,8717329387546,https://cdn.shopify.com/s/files/1/0674/1013/3190/files/059-595-67100_1_20240611T.jpg?v=1752138485
059-595-67103,8717329387553,https://cdn.shopify.com/s/files/1/0674/1013/3190/files/059-595-67103_1_20240611T.jpg?v=1752137783
060-808-00092,8717329364875,https://cdn.shopify.com/s/files/1/0674/1013/3190/files/060-808-00092_1_20231030T.jpg?v=1752133007
060-808-67058,8717329381001,https://cdn.shopify.com/s/files/1/0674/1013/3190/files/060-808-67058_1_20240126T.jpg?v=1752132895
060-808-67087,8717329378711,https://cdn.shopify.com/s/files/1/0674/1013/3190/files/060-808-67087_1_20231030T.jpg?v=1752133629
061-001-65348,8717329370159,https://cdn.shopify.com/s/files/1/0674/1013/3190/files/061-001-65348_1_20231030T.jpg?v=1752133170
061-001-67100,8717329388864,https://cdn.shopify.com/s/files/1/0674/1013/3190/files/061-001-67100_1_20240611T.jpg?v=1752138517
061-001-68027,8717329381360,https://cdn.shopify.com/s/files/1/0674/1013/3190/files/061-001-68027_1_20240126T.jpg?v=1752136772
061-001-68029,8717329381445,https://cdn.shopify.com/s/files/1/0674/1013/3190/files/061-001-68029_1_20240126T.jpg?v=1752136838
061-001-68075,8717329393905,https://cdn.shopify.com/s/files/1/0674/1013/3190/files/061-001-68075_1_20250108T.jpg?v=1752139408
061-001-68076,8717329393912,https://cdn.shopify.com/s/files/1/0674/1013/3190/files/061-001-68076_1_20250108T.jpg?v=1752139442
061-001-68086,8717329388482,https://cdn.shopify.com/s/files/1/0674/1013/3190/files/061-001-68086_1_20240611T.jpg?v=1752138367
061-002-67100,8717329388871,https://cdn.shopify.com/s/files/1/0674/1013/3190/files/061-002-67100_1_20240611T.jpg?v=1752138136
062-410-00103,8717329392731,https://cdn.shopify.com/s/files/1/0674/1013/3190/files/062-410-00103_1_20250108T.jpg?v=1752139459
062-410-67058,8717329380394,https://cdn.shopify.com/s/files/1/0674/1013/3190/files/062-410-67058_1_20240126T.jpg?v=1752136426
062-410-67103,8717329392632,https://cdn.shopify.com/s/files/1/0674/1013/3190/files/062-410-67103_1_20250108T.jpg?v=1752138766
062-410-67110,8717329392991,https://cdn.shopify.com/s/files/1/0674/1013/3190/files/062-410-67110_1_20250108T.jpg?v=1752139370
062-410-68002,8717329380363,https://cdn.shopify.com/s/files/1/0674/1013/3190/files/062-410-68002_1_20240126T.jpg?v=1752136725
063-410-67020,8717329392847,https://cdn.shopify.com/s/files/1/0674/1013/3190/files/063-410-67020_1_20250108T.jpg?v=1752138869
064-410-67086,8717329392922,https://cdn.shopify.com/s/files/1/0674/1013/3190/files/064-410-67086_1_20250108T.jpg?v=1752139425
064-510-67020,8717329392854,https://cdn.shopify.com/s/files/1/0674/1013/3190/files/064-510-67020_1_20250108T.jpg?v=1752138819
064-510-67086,8717329392939,https://cdn.shopify.com/s/files/1/0674/1013/3190/files/064-510-67086_1_20250108T.jpg?v=1752138911
091-001-00103,8717329393578,https://cdn.shopify.com/s/files/1/0674/1013/3190/files/091-001-00103_1_20250108T.jpg?v=1752139091
096-001-00103,8717329393622,https://cdn.shopify.com/s/files/1/0674/1013/3190/files/096-001-00103_1_20250108T.jpg?v=1752139011
096-001-66060,8717329366565,https://cdn.shopify.com/s/files/1/0674/1013/3190/files/096-001-66060_1_20231030T.jpg?v=1752135452
096-001-67087,8717329381100,https://cdn.shopify.com/s/files/1/0674/1013/3190/files/096-001-67087_1_20240126T.jpg?v=1752136846
096-001-68021,8717329380875,https://cdn.shopify.com/s/files/1/0674/1013/3190/files/096-001-68021_1_20240126T.jpg?v=1752136352
096-001-68048,8717329387492,https://cdn.shopify.com/s/files/1/0674/1013/3190/files/096-001-68048_1_20240611T.jpg?v=1752138258
101-001-67008,8717329370340,https://cdn.shopify.com/s/files/1/0674/1013/3190/files/101-001-67008_1_20231030T.jpg?v=1752135634
101-001-67103,8717329388543,https://cdn.shopify.com/s/files/1/0674/1013/3190/files/101-001-67103_1_20240611T.jpg?v=1752138527
101-001-67104,8717329388536,https://cdn.shopify.com/s/files/1/0674/1013/3190/files/101-001-67104_1_20240611T.jpg?v=1752136965
101-001-68075,8717329393738,https://cdn.shopify.com/s/files/1/0674/1013/3190/files/101-001-68075_1_20250108T.jpg?v=1752139232
101-007-66019,8717329364073,https://cdn.shopify.com/s/files/1/0674/1013/3190/files/101-007-66019_1_20231030T.jpg?v=1752135787
101-007-66048,8717329364516,https://cdn.shopify.com/s/files/1/0674/1013/3190/files/101-007-66048_1_20231030T.jpg?v=1752132576
101-007-66095,8717329373495,https://cdn.shopify.com/s/files/1/0674/1013/3190/files/101-007-66095_1_20231030T.jpg?v=1752133520
101-007-67076,8717329377967,https://cdn.shopify.com/s/files/1/0674/1013/3190/files/101-007-67076_1_20231030T.jpg?v=1752134237
101-007-67104,8717329388550,https://cdn.shopify.com/s/files/1/0674/1013/3190/files/101-007-67104_1_20240611T.jpg?v=1752137888
101-007-68075,8717329393714,https://cdn.shopify.com/s/files/1/0674/1013/3190/files/101-007-68075_1_20250108T.jpg?v=1752139475
104-001-67090,8717329388697,https://cdn.shopify.com/s/files/1/0674/1013/3190/files/104-001-67090_1_20240611T.jpg?v=1752137644
105-001-67021,8717329373419,https://cdn.shopify.com/s/files/1/0674/1013/3190/files/105-001-67021_1_20231030T.jpg?v=1752133482
105-001-67090,8717329388581,https://cdn.shopify.com/s/files/1/0674/1013/3190/files/105-001-67090_1_20240611T.jpg?v=1752138275
105-001-67103,8717329388666,https://cdn.shopify.com/s/files/1/0674/1013/3190/files/105-001-67103_1_20240611T.jpg?v=1752138706
105-001-68049,8717329388604,https://cdn.shopify.com/s/files/1/0674/1013/3190/files/105-001-68049_1_20240611T.jpg?v=1752138425
107-001-00096,8717329364608,https://cdn.shopify.com/s/files/1/0674/1013/3190/files/107-001-00096_1_20231030T.jpg?v=1752135394
108-001-66046,8717329363946,https://cdn.shopify.com/s/files/1/0674/1013/3190/files/108-001-66046_1_20231030T.jpg?v=1752135913
108-001-67083,8717329378063,https://cdn.shopify.com/s/files/1/0674/1013/3190/files/108-001-67083_1_20231030T.jpg?v=1752134275
108-001-67100,8717329388840,https://cdn.shopify.com/s/files/1/0674/1013/3190/files/108-001-67100_1_20240611T.jpg?v=1752138566
108-001-68075,8717329394032,https://cdn.shopify.com/s/files/1/0674/1013/3190/files/108-001-68075_1_20250108T.jpg?v=1752139575
108-001-68094,8717329394049,https://cdn.shopify.com/s/files/1/0674/1013/3190/files/108-001-68094_1_20250108T.jpg?v=1752139599
112-001-67032,8717329373778,https://cdn.shopify.com/s/files/1/0674/1013/3190/files/112-001-67032_1_20231030T.jpg?v=1752133511
112-001-67090,8717329388635,https://cdn.shopify.com/s/files/1/0674/1013/3190/files/112-001-67090_1_20240611T.jpg?v=1752137651
112-001-67103,8717329388703,https://cdn.shopify.com/s/files/1/0674/1013/3190/files/112-001-67103_1_20240611T.jpg?v=1752137289
112-001-68098,8717329394896,https://cdn.shopify.com/s/files/1/0674/1013/3190/files/112-001-68098_1_20250108T.jpg?v=1752139223
116-001-67015,8717329370463,https://cdn.shopify.com/s/files/1/0674/1013/3190/files/116-001-67015_1_20231030T.jpg?v=1752135796
116-001-67018,8717329371187,https://cdn.shopify.com/s/files/1/0674/1013/3190/files/116-001-67018_1_20231030T.jpg?v=1752133074
116-001-67083,8717329378056,https://cdn.shopify.com/s/files/1/0674/1013/3190/files/116-001-67083_1_20231030T.jpg?v=1752134771
116-001-67100,8717329388833,https://cdn.shopify.com/s/files/1/0674/1013/3190/files/116-001-67100_1_20240611T.jpg?v=1752138549
117-001-67090,8717329388659,https://cdn.shopify.com/s/files/1/0674/1013/3190/files/117-001-67090_1_20240611T.jpg?v=1752137988
119-001-00105,8717329378681,https://cdn.shopify.com/s/files/1/0674/1013/3190/files/119-001-00105_1_20231030T.jpg?v=1752134690
119-001-68029,8717329381414,https://cdn.shopify.com/s/files/1/0674/1013/3190/files/119-001-68029_1_20240126T.jpg?v=1752136617
119-001-68075,8717329393929,https://cdn.shopify.com/s/files/1/0674/1013/3190/files/119-001-68075_1_20250108T.jpg?v=1752139283
119-001-68094,8717329393936,https://cdn.shopify.com/s/files/1/0674/1013/3190/files/119-001-68094_1_20250108T.jpg?v=1752139240
120-001-67090,8717329388680,https://cdn.shopify.com/s/files/1/0674/1013/3190/files/120-001-67090_1_20240611T.jpg?v=1752138558
120-001-68103,8717329388673,https://cdn.shopify.com/s/files/1/0674/1013/3190/files/120-001-68103_1_20240611T.jpg?v=1752138591
121-001-68056,8717329388611,https://cdn.shopify.com/s/files/1/0674/1013/3190/files/121-001-68056_1_20240611T.jpg?v=1752137591
122-001-68075,8717329393882,https://cdn.shopify.com/s/files/1/0674/1013/3190/files/122-001-68075_1_20250108T.jpg?v=1752139142
122-001-68076,8717329393899,https://cdn.shopify.com/s/files/1/0674/1013/3190/files/122-001-68076_1_20250108T.jpg?v=1752138982
123-001-68075,8717329394889,https://cdn.shopify.com/s/files/1/0674/1013/3190/files/123-001-68075_1_20250108T.jpg?v=1752138926
220-001-67003,8717329371200,https://cdn.shopify.com/s/files/1/0674/1013/3190/files/220-001-67003_1_20231030T.jpg?v=1752133040
220-001-68025,8717329381339,https://cdn.shopify.com/s/files/1/0674/1013/3190/files/220-001-68025_1_20240126T.jpg?v=1752136130
220-001-68075,8717329393967,https://cdn.shopify.com/s/files/1/0674/1013/3190/files/220-001-68075_1_20250108T.jpg?v=1752139482
221-001-67018,8717329371170,https://cdn.shopify.com/s/files/1/0674/1013/3190/files/221-001-67018_1_20231030T.jpg?v=1752132947
221-001-68075,8717329393950,https://cdn.shopify.com/s/files/1/0674/1013/3190/files/221-001-68075_1_20250108T.jpg?v=1752139378
221-001-68095,8717329393943,https://cdn.shopify.com/s/files/1/0674/1013/3190/files/221-001-68095_1_20250108T.jpg?v=1752139126
2510-501-00001,8717329351226,https://cdn.shopify.com/s/files/1/0674/1013/3190/files/2510-501-00001_1_20231030T.jpg?v=1752135421
2511-501-00001,8717329351189,https://cdn.shopify.com/s/files/1/0674/1013/3190/files/2511-501-00001_1_20231030T.jpg?v=1752134474
2511-501-68013,8717329400269,https://cdn.shopify.com/s/files/1/0674/1013/3190/files/2511-501-68013_1_20250611T.jpg?v=1752139526
2512-501-00001,8717329351257,https://cdn.shopify.com/s/files/1/0674/1013/3190/files/2512-501-00001_1_20231030T.jpg?v=1752135216
2550-503-00001,8717329351288,https://cdn.shopify.com/s/files/1/0674/1013/3190/files/2550-503-00001_1_20231030T.jpg?v=1752132698
2550-503-00155,8717329368538,https://cdn.shopify.com/s/files/1/0674/1013/3190/files/2550-503-00155_1_20231030T.jpg?v=1752135557
336-597-00093,8717329367999,https://cdn.shopify.com/s/files/1/0674/1013/3190/files/336-597-00093_1_20231030T.jpg?v=1752134911
510-501-00001,8717329355491,https://cdn.shopify.com/s/files/1/0674/1013/3190/files/510-501-00001_1_20231030T.jpg?v=1752135854
510-501-00001,8717329355491,https://cdn.shopify.com/s/files/1/0674/1013/3190/files/2510-501-00001_1_20231030T.jpg?v=1752135421
510-504-00001,8717329315624,https://cdn.shopify.com/s/files/1/0674/1013/3190/files/510-504-00001_1_20231030T.jpg?v=1752136228
510-507-64610,8717329019447,https://cdn.shopify.com/s/files/1/0674/1013/3190/files/510-507-64610_1_20231030T.jpg?v=1752135545
511-501-00001,8717329355651,https://cdn.shopify.com/s/files/1/0674/1013/3190/files/2511-501-00001_1_20231030T.jpg?v=1752134474
511-501-66095,8717329369412,https://cdn.shopify.com/s/files/1/0674/1013/3190/files/511-501-66095_1_20231030T.jpg?v=1752135830
511-501-67024,8717329373327,https://cdn.shopify.com/s/files/1/0674/1013/3190/files/511-501-67024_1_20231030T.jpg?v=1752133353
511-501-67041,8717329376403,https://cdn.shopify.com/s/files/1/0674/1013/3190/files/511-501-67041_1_20231030T.jpg?v=1752134338
511-501-67043,8717329376434,https://cdn.shopify.com/s/files/1/0674/1013/3190/files/511-501-67043_1_20231030T.jpg?v=1752134148
511-501-67086,8717329392021,https://cdn.shopify.com/s/files/1/0674/1013/3190/files/511-501-67086_1_20240704T.jpg?v=1752137262
511-501-67090,8717329388284,https://cdn.shopify.com/s/files/1/0674/1013/3190/files/511-501-67090_1_20240611T.jpg?v=1752136929
511-501-67093,8717329378889,https://cdn.shopify.com/s/files/1/0674/1013/3190/files/511-501-67093_1_20231030T.jpg?v=1752133592
511-501-67101,8717329388307,https://cdn.shopify.com/s/files/1/0674/1013/3190/files/511-501-67101_1_20240611T.jpg?v=1752138096
511-501-67103,8717329388277,https://cdn.shopify.com/s/files/1/0674/1013/3190/files/511-501-67103_1_20240611T.jpg?v=1752137866
511-501-68043,8717329387164,https://cdn.shopify.com/s/files/1/0674/1013/3190/files/511-501-68043_1_20240611T.jpg?v=1752137502
511-501-68075,8717329393271,https://cdn.shopify.com/s/files/1/0674/1013/3190/files/511-501-68075_1_20250108T.jpg?v=1752138839
511-501-68076,8717329393240,https://cdn.shopify.com/s/files/1/0674/1013/3190/files/511-501-68076_1_20250108T.jpg?v=1752139270
512-501-00001,8717329355965,https://cdn.shopify.com/s/files/1/0674/1013/3190/files/512-501-00001_1_20231030T.jpg?v=1752135010
512-501-00001,8717329355965,https://cdn.shopify.com/s/files/1/0674/1013/3190/files/2512-501-00001_1_20231030T.jpg?v=1752135216
513-511-66095,8717329370050,https://cdn.shopify.com/s/files/1/0674/1013/3190/files/513-511-66095_1_20231030T.jpg?v=1752135767
513-511-68075,8717329393097,https://cdn.shopify.com/s/files/1/0674/1013/3190/files/513-511-68075_1_20250108T.jpg?v=1752139591
513-511-68076,8717329393080,https://cdn.shopify.com/s/files/1/0674/1013/3190/files/513-511-68076_1_20250108T.jpg?v=1752139067
514-511-00093,8717329359260,https://cdn.shopify.com/s/files/1/0674/1013/3190/files/514-511-00093_1_20231030T.jpg?v=1752135488
516-511-65219,8717329339835,https://cdn.shopify.com/s/files/1/0674/1013/3190/files/516-511-65219_1_20231030T.jpg?v=1752133300
516-511-67047,8717329377622,https://cdn.shopify.com/s/files/1/0674/1013/3190/files/516-511-67047_1_20231030T.jpg?v=1752134379
516-511-67052,8717329377509,https://cdn.shopify.com/s/files/1/0674/1013/3190/files/516-511-67052_1_20231030T.jpg?v=1752134224
516-511-67087,8717329379008,https://cdn.shopify.com/s/files/1/0674/1013/3190/files/516-511-67087_1_20231030T.jpg?v=1752133607
516-511-67103,8717329386938,https://cdn.shopify.com/s/files/1/0674/1013/3190/files/516-511-67103_1_20250428T.jpg?v=1752138535
516-511-68030,8717329386556,https://cdn.shopify.com/s/files/1/0674/1013/3190/files/516-511-68030_1_20240611T.jpg?v=1752137401
516-511-68036,8717329387775,https://cdn.shopify.com/s/files/1/0674/1013/3190/files/516-511-68036_1_20240611T.jpg?v=1752137663
516-511-68038,8717329386679,https://cdn.shopify.com/s/files/1/0674/1013/3190/files/516-511-68038_1_20240611T.jpg?v=1752137576
516-511-68088,8717329393783,https://cdn.shopify.com/s/files/1/0674/1013/3190/files/516-511-68088_1_20250108T.jpg?v=1752138966
516-522-67010,8717329370517,https://cdn.shopify.com/s/files/1/0674/1013/3190/files/516-522-67010_1_20231030T.jpg?v=1752132976
516-522-67027,8717329373679,https://cdn.shopify.com/s/files/1/0674/1013/3190/files/516-522-67027_1_20231030T.jpg?v=1752133501
516-522-67080,8717329378162,https://cdn.shopify.com/s/files/1/0674/1013/3190/files/516-522-67080_1_20231030T.jpg?v=1752134820
517-511-65219,8717329366084,https://cdn.shopify.com/s/files/1/0674/1013/3190/files/517-511-65219_1_20250206T.jpg?v=1752133755
517-511-67048,8717329377561,https://cdn.shopify.com/s/files/1/0674/1013/3190/files/517-511-67048_1_20231030T.jpg?v=1752134071
517-511-67087,8717329379046,https://cdn.shopify.com/s/files/1/0674/1013/3190/files/517-511-67087_1_20250206T.jpg?v=1752133726
517-511-68033,8717329386617,https://cdn.shopify.com/s/files/1/0674/1013/3190/files/517-511-68033_1_20240611T.jpg?v=1752136989
517-511-68040,8717329386716,https://cdn.shopify.com/s/files/1/0674/1013/3190/files/517-511-68040_1_20240611T.jpg?v=1752137336
517-522-67012,8717329370777,https://cdn.shopify.com/s/files/1/0674/1013/3190/files/517-522-67012_1_20231030T.jpg?v=1752133099
521-511-66041,8717329365315,https://cdn.shopify.com/s/files/1/0674/1013/3190/files/521-511-66041_1_20231030T.jpg?v=1752135819
521-511-67045,8717329380950,https://cdn.shopify.com/s/files/1/0674/1013/3190/files/521-511-67045_1_20240126T.jpg?v=1752136762
521-511-68008,8717329381087,https://cdn.shopify.com/s/files/1/0674/1013/3190/files/521-511-68008_1_20240126T.jpg?v=1752136609
521-511-68012,8717329380899,https://cdn.shopify.com/s/files/1/0674/1013/3190/files/521-511-68012_1_20240126T.jpg?v=1752136162
521-511-68022,8717329380936,https://cdn.shopify.com/s/files/1/0674/1013/3190/files/521-511-68022_1_20240126T.jpg?v=1752136795
521-511-68082,8717329393509,https://cdn.shopify.com/s/files/1/0674/1013/3190/files/521-511-68082_1_20250120T.jpg?v=1752139026
523-511-66043,8717329364233,https://cdn.shopify.com/s/files/1/0674/1013/3190/files/523-511-66043_1_20231030T.jpg?v=1752132635
533-550-00092,8717329365391,https://cdn.shopify.com/s/files/1/0674/1013/3190/files/533-550-00092_1_20231030T.jpg?v=1752135085
533-550-67058,8717329381025,https://cdn.shopify.com/s/files/1/0674/1013/3190/files/533-550-67058_1_20240126T.jpg?v=1752136111
533-550-67087,8717329378773,https://cdn.shopify.com/s/files/1/0674/1013/3190/files/533-550-67087_1_20231030T.jpg?v=1752133691
534-514-00092,8717329358201,https://cdn.shopify.com/s/files/1/0674/1013/3190/files/534-514-00092_1_20231030T.jpg?v=1752136884
534-514-67087,8717329380530,https://cdn.shopify.com/s/files/1/0674/1013/3190/files/534-514-67087_1_20231030T.jpg?v=1752133577
534-514-68056,8717329388406,https://cdn.shopify.com/s/files/1/0674/1013/3190/files/534-514-68056_1_20240611T.jpg?v=1752137219
534-836-66095,8717329370074,https://cdn.shopify.com/s/files/1/0674/1013/3190/files/534-836-66095_1_20231030T.jpg?v=1752135064
534-836-67052,8717329377448,https://cdn.shopify.com/s/files/1/0674/1013/3190/files/534-836-67052_1_20231030T.jpg?v=1752134005
534-836-67086,8717329384712,https://cdn.shopify.com/s/files/1/0674/1013/3190/files/534-836-67086_1_20240611T.jpg?v=1752138604
534-836-67103,8717329384743,https://cdn.shopify.com/s/files/1/0674/1013/3190/files/534-836-67103_1_20240611T.jpg?v=1752137475
534-836-68015,8717329381162,https://cdn.shopify.com/s/files/1/0674/1013/3190/files/534-836-68015_1_20240126T.jpg?v=1752136154
534-836-68085,8717329393776,https://cdn.shopify.com/s/files/1/0674/1013/3190/files/534-836-68085_1_20250120T.jpg?v=1752139075
535-851-00105,8717329394100,https://cdn.shopify.com/s/files/1/0674/1013/3190/files/535-851-00105_1_20250120T.jpg?v=1752138781
535-851-66094,8717329369375,https://cdn.shopify.com/s/files/1/0674/1013/3190/files/535-851-66094_1_20231030T.jpg?v=1752132887
535-851-66095,8717329369443,https://cdn.shopify.com/s/files/1/0674/1013/3190/files/535-851-66095_1_20231030T.jpg?v=1752135301
535-851-67041,8717329376908,https://cdn.shopify.com/s/files/1/0674/1013/3190/files/535-851-67041_1_20231030T.jpg?v=1752134248
535-851-67043,8717329376984,https://cdn.shopify.com/s/files/1/0674/1013/3190/files/535-851-67043_1_20231030T.jpg?v=1752133797
535-851-67056,8717329377127,https://cdn.shopify.com/s/files/1/0674/1013/3190/files/535-851-67056_1_20231030T.jpg?v=1752134442
535-851-67086,8717329388055,https://cdn.shopify.com/s/files/1/0674/1013/3190/files/535-851-67086_1_20240611T.jpg?v=1752137849
535-851-67090,8717329388017,https://cdn.shopify.com/s/files/1/0674/1013/3190/files/535-851-67090_1_20240611T.jpg?v=1752137422
535-851-67093,8717329378964,https://cdn.shopify.com/s/files/1/0674/1013/3190/files/535-851-67093_1_20231030T.jpg?v=1752133566
535-851-67100,8717329388062,https://cdn.shopify.com/s/files/1/0674/1013/3190/files/535-851-67100_1_20240611T.jpg?v=1752138668
535-851-67101,8717329388048,https://cdn.shopify.com/s/files/1/0674/1013/3190/files/535-851-67101_1_20240611T.jpg?v=1752137390
535-851-67103,8717329388000,https://cdn.shopify.com/s/files/1/0674/1013/3190/files/535-851-67103_1_20240611T.jpg?v=1752137981
535-851-67104,8717329388024,https://cdn.shopify.com/s/files/1/0674/1013/3190/files/535-851-67104_1_20240611T.jpg?v=1752137933
535-851-68007,8717329381063,https://cdn.shopify.com/s/files/1/0674/1013/3190/files/535-851-68007_1_20240126T.jpg?v=1752136657
535-851-68013,8717329380608,https://cdn.shopify.com/s/files/1/0674/1013/3190/files/535-851-68013_2_20240614T.jpg?v=1752136593
535-851-68067,8717329388079,https://cdn.shopify.com/s/files/1/0674/1013/3190/files/535-851-68067_1_20240611T.jpg?v=1752138344
535-851-68075,8717329393349,https://cdn.shopify.com/s/files/1/0674/1013/3190/files/535-851-68075_1_20250120T.jpg?v=1752139214
535-851-68076,8717329393325,https://cdn.shopify.com/s/files/1/0674/1013/3190/files/535-851-68076_1_20250108T.jpg?v=1752139135
535-852-00001,8717329360075,https://cdn.shopify.com/s/files/1/0674/1013/3190/files/535-852-00001_1_20231030T.jpg?v=1752135948
535-852-65349,8717329357686,https://cdn.shopify.com/s/files/1/0674/1013/3190/files/535-852-65349_1_20231030T.jpg?v=1752132538
535-852-66095,8717329369436,https://cdn.shopify.com/s/files/1/0674/1013/3190/files/535-852-66095_1_20231030T.jpg?v=1752135137
535-852-67041,8717329376991,https://cdn.shopify.com/s/files/1/0674/1013/3190/files/535-852-67041_1_20231030T.jpg?v=1752134191
535-852-67043,8717329376977,https://cdn.shopify.com/s/files/1/0674/1013/3190/files/535-852-67043_1_20231030T.jpg?v=1752134210
535-852-67045,8717329376816,https://cdn.shopify.com/s/files/1/0674/1013/3190/files/535-852-67045_1_20231030T.jpg?v=1752134740
535-852-67056,8717329377110,https://cdn.shopify.com/s/files/1/0674/1013/3190/files/535-852-67056_1_20231030T.jpg?v=1752134551
535-852-67086,8717329387966,https://cdn.shopify.com/s/files/1/0674/1013/3190/files/535-852-67086_1_20240611T.jpg?v=1752138037
535-852-67090,8717329387928,https://cdn.shopify.com/s/files/1/0674/1013/3190/files/535-852-67090_1_20240611T.jpg?v=1752137792
535-852-67093,8717329378940,https://cdn.shopify.com/s/files/1/0674/1013/3190/files/535-852-67093_1_20231030T.jpg?v=1752133705
535-852-67100,8717329387973,https://cdn.shopify.com/s/files/1/0674/1013/3190/files/535-852-67100_1_20240611T.jpg?v=1752137308
535-852-67101,8717329387959,https://cdn.shopify.com/s/files/1/0674/1013/3190/files/535-852-67101_1_20240611T.jpg?v=1752137531
535-852-67103,8717329387911,https://cdn.shopify.com/s/files/1/0674/1013/3190/files/535-852-67103_1_20240611T.jpg?v=1752137705
535-852-67104,8717329387935,https://cdn.shopify.com/s/files/1/0674/1013/3190/files/535-852-67104_1_20240611T.jpg?v=1752137772
535-852-68007,8717329381070,https://cdn.shopify.com/s/files/1/0674/1013/3190/files/535-852-68007_1_20240126T.jpg?v=1752136856
535-852-68013,8717329380578,https://cdn.shopify.com/s/files/1/0674/1013/3190/files/535-852-68013_1_20240126T.jpg?v=1752136803
535-852-68067,8717329387980,https://cdn.shopify.com/s/files/1/0674/1013/3190/files/535-852-68067_1_20240611T.jpg?v=1752137116
535-852-68075,8717329393356,https://cdn.shopify.com/s/files/1/0674/1013/3190/files/535-852-68075_1_20250108T.jpg?v=1752139363
535-852-68076,8717329393332,https://cdn.shopify.com/s/files/1/0674/1013/3190/files/535-852-68076_1_20250108T.jpg?v=1752139513
535-855-00001,8717329359611,https://cdn.shopify.com/s/files/1/0674/1013/3190/files/535-855-00001_1_20231030T.jpg?v=1752135673
536-597-68056,8717329388420,https://cdn.shopify.com/s/files/1/0674/1013/3190/files/536-597-68056_1_20240611T.jpg?v=1752137443
536-597-68058,8717329388437,https://cdn.shopify.com/s/files/1/0674/1013/3190/files/536-597-68058_1_20241007T.jpg?v=1752137196
536-848-66095,8717329369481,https://cdn.shopify.com/s/files/1/0674/1013/3190/files/536-848-66095_1_20231030T.jpg?v=1752135656
536-848-67024,8717329373365,https://cdn.shopify.com/s/files/1/0674/1013/3190/files/536-848-67024_1_20231030T.jpg?v=1752133413
536-848-67041,8717329376922,https://cdn.shopify.com/s/files/1/0674/1013/3190/files/536-848-67041_1_20231030T.jpg?v=1752134542
536-848-67045,8717329376847,https://cdn.shopify.com/s/files/1/0674/1013/3190/files/536-848-67045_1_20231030T.jpg?v=1752134754
536-848-67086,8717329388147,https://cdn.shopify.com/s/files/1/0674/1013/3190/files/536-848-67086_1_20240611T.jpg?v=1752138509
536-848-67090,8717329388109,https://cdn.shopify.com/s/files/1/0674/1013/3190/files/536-848-67090_1_20240611T.jpg?v=1752138248
536-848-67100,8717329388154,https://cdn.shopify.com/s/files/1/0674/1013/3190/files/536-848-67100_1_20240611T.jpg?v=1752137326
536-848-67101,8717329388130,https://cdn.shopify.com/s/files/1/0674/1013/3190/files/536-848-67101_1_20240611T.jpg?v=1752136972
536-848-67103,8717329388093,https://cdn.shopify.com/s/files/1/0674/1013/3190/files/536-848-67103_1_20240611T.jpg?v=1752137926
536-848-67104,8717329388116,https://cdn.shopify.com/s/files/1/0674/1013/3190/files/536-848-67104_1_20240611T.jpg?v=1752137281
536-848-68075,8717329393370,https://cdn.shopify.com/s/files/1/0674/1013/3190/files/536-848-68075_1_20250108T.jpg?v=1752139082
536-848-68076,8717329393363,https://cdn.shopify.com/s/files/1/0674/1013/3190/files/536-848-68076_1_20250108T.jpg?v=1752139607
537-848-00001,8717329313606,https://cdn.shopify.com/s/files/1/0674/1013/3190/files/537-848-00001_1_20231030T.jpg?v=1752136015
537-848-65344,8717329358751,https://cdn.shopify.com/s/files/1/0674/1013/3190/files/537-848-65344_1_20231030T.jpg?v=1752132522
537-848-66095,8717329369450,https://cdn.shopify.com/s/files/1/0674/1013/3190/files/537-848-66095_1_20231030T.jpg?v=1752135257
537-848-67041,8717329376915,https://cdn.shopify.com/s/files/1/0674/1013/3190/files/537-848-67041_1_20231030T.jpg?v=1752134137
537-848-67043,8717329377097,https://cdn.shopify.com/s/files/1/0674/1013/3190/files/537-848-67043_1_20231030T.jpg?v=1752134201
537-848-67045,8717329376830,https://cdn.shopify.com/s/files/1/0674/1013/3190/files/537-848-67045_1_20231030T.jpg?v=1752134614
537-848-67086,8717329388215,https://cdn.shopify.com/s/files/1/0674/1013/3190/files/537-848-67086_1_20240611T.jpg?v=1752138598
537-848-67090,8717329388178,https://cdn.shopify.com/s/files/1/0674/1013/3190/files/537-848-67090_1_20240611T.jpg?v=1752138459
537-848-67100,8717329388222,https://cdn.shopify.com/s/files/1/0674/1013/3190/files/537-848-67100_1_20240611T.jpg?v=1752138386
537-848-67101,8717329388208,https://cdn.shopify.com/s/files/1/0674/1013/3190/files/537-848-67101_1_20240611T.jpg?v=1752138086
537-848-67103,8717329388161,https://cdn.shopify.com/s/files/1/0674/1013/3190/files/537-848-67103_1_20240611T.jpg?v=1752138688
537-848-67104,8717329388185,https://cdn.shopify.com/s/files/1/0674/1013/3190/files/537-848-67104_1_20240611T.jpg?v=1752137895
537-848-68075,8717329393394,https://cdn.shopify.com/s/files/1/0674/1013/3190/files/537-848-68075_1_20250108T.jpg?v=1752139387
537-848-68076,8717329393387,https://cdn.shopify.com/s/files/1/0674/1013/3190/files/537-848-68076_1_20250108T.jpg?v=1752139119
550-503-00001,8717329356047,https://cdn.shopify.com/s/files/1/0674/1013/3190/files/2550-503-00001_1_20231030T.jpg?v=1752132698
550-507-00100,8717329312890,https://cdn.shopify.com/s/files/1/0674/1013/3190/files/550-507-00100_1_20231030T.jpg?v=1752135595
560-503-66042,8717329364288,https://cdn.shopify.com/s/files/1/0674/1013/3190/files/560-503-66042_1_20231030T.jpg?v=1752132593
561-531-00093,8717329387621,https://cdn.shopify.com/s/files/1/0674/1013/3190/files/561-531-00093_1_20240620T.jpg?v=1752137186
561-531-67103,8717329387607,https://cdn.shopify.com/s/files/1/0674/1013/3190/files/561-531-67103_1_20240620T.jpg?v=1752137695
561-531-68049,8717329387614,https://cdn.shopify.com/s/files/1/0674/1013/3190/files/561-531-68049_1_20240808T.jpg?v=1752137453
580-001-66060,8717329370388,https://cdn.shopify.com/s/files/1/0674/1013/3190/files/580-001-66060_1_20231030T.jpg?v=1752133435
580-001-67047,8717329377684,https://cdn.shopify.com/s/files/1/0674/1013/3190/files/580-001-67047_1_20231030T.jpg?v=1752134042
580-001-68030,8717329386884,https://cdn.shopify.com/s/files/1/0674/1013/3190/files/580-001-68030_1_20240611T.jpg?v=1752137082
580-001-68038,8717329386914,https://cdn.shopify.com/s/files/1/0674/1013/3190/files/580-001-68038_1_20240611T.jpg?v=1752137679
580-001-68048,8717329387515,https://cdn.shopify.com/s/files/1/0674/1013/3190/files/580-001-68048_1_20240611T.jpg?v=1752138452
703-007-00092,8717329365735,https://cdn.shopify.com/s/files/1/0674/1013/3190/files/703-007-00092_1_20231030T.jpg?v=1752132868
705-007-00090,8717329361027,https://cdn.shopify.com/s/files/1/0674/1013/3190/files/705-007-00090_1_20231030T.jpg?v=1752132559
708-007-00092,8717329365797,https://cdn.shopify.com/s/files/1/0674/1013/3190/files/708-007-00092_1_20231030T.jpg?v=1752132819
709-007-00099,8717329365841,https://cdn.shopify.com/s/files/1/0674/1013/3190/files/709-007-00099_1_20231030T.jpg?v=1752135467
710-001-00090,8717329366480,https://cdn.shopify.com/s/files/1/0674/1013/3190/files/710-001-00090_1_20231030T.jpg?v=1752135402
712-603-67021,8717329373433,https://cdn.shopify.com/s/files/1/0674/1013/3190/files/712-603-67021_1_20231030T.jpg?v=1752133344
714-607-00093,8717329373471,https://cdn.shopify.com/s/files/1/0674/1013/3190/files/714-607-00093_1_20231030T.jpg?v=1752133257
715-605-66095,8717329373488,https://cdn.shopify.com/s/files/1/0674/1013/3190/files/715-605-66095_1_20231030T.jpg?v=1752133419
716-606-00103,8717329393660,https://cdn.shopify.com/s/files/1/0674/1013/3190/files/716-606-00103_1_20250108T.jpg?v=1752138792
716-606-66060,8717329373556,https://cdn.shopify.com/s/files/1/0674/1013/3190/files/716-606-66060_1_20231030T.jpg?v=1752133225
717-600-66035,8717329380769,https://cdn.shopify.com/s/files/1/0674/1013/3190/files/717-600-66035_1_20240126T.jpg?v=1752133283
718-601-66035,8717329380783,https://cdn.shopify.com/s/files/1/0674/1013/3190/files/718-601-66035_1_20240126T.jpg?v=1752136786
718-601-67034,8717329373808,https://cdn.shopify.com/s/files/1/0674/1013/3190/files/718-601-67034_1_20231030T.jpg?v=1752133426
719-602-67034,8717329373815,https://cdn.shopify.com/s/files/1/0674/1013/3190/files/719-602-67034_1_20231030T.jpg?v=1752133406
719-602-68019,8717329380745,https://cdn.shopify.com/s/files/1/0674/1013/3190/files/719-602-68019_1_20240126T.jpg?v=1752136200
720-001-00021,8717329381209,https://cdn.shopify.com/s/files/1/0674/1013/3190/files/720-001-00021_1_20240126T.jpg?v=1752136400
720-014-00092,8717329381322,https://cdn.shopify.com/s/files/1/0674/1013/3190/files/720-014-00092_1_20240126T.jpg?v=1752136142
